{
  "type": "minecraft:entity",
  "pools": [
    {
      "rolls": 1,
      "entries": [
        {
          "type": "minecraft:item",
          "name": "minecraft:slime_ball",
          "functions": [
            {
              "function": "minecraft:set_nbt",
              "tag": "{display:{Name:'{\"text\":\"Gelatinous Slime\",\"color\":\"green\",\"italic\":false}',Lore:['{\"text\":\"Tastes oddly satisfying...\",\"color\":\"gold\",\"italic\":false}','{\"text\":\"UNCOMMON\",\"color\":\"green\",\"italic\":false,\"bold\":true}']},HideFlags:63,Enchantments:[{}]}"
            },
            {
              "function": "minecraft:set_count",
              "count": {
                "min": 9,
                "max": 14
              }
            }
          ]
        }
      ]
    }
  ]
}