{
  "display": {
    "icon": {
      "item": "minecraft:dirt"
    },
    "title": "generic_damage",
    "description": "d",
    "show_toast": false,
    "announce_to_chat": false,
    "hidden": true
  },
  "rewards": {
    "function": "player:stats/dmg/get_base_dmg/globulous/globulous"
  },
  "criteria": {
    "requirement": {
      "trigger": "minecraft:entity_hurt_player",
      "conditions": {
        "damage": {
          "source_entity": {
            "type": "minecraft:slime",
            "nbt": "{Tags:[\"boss_1\"]}"
          },
          "direct_entity": {
            "type": "minecraft:player"
          }
        }
      }
    }
  }
}