{
  "display": {
    "icon": {
      "item": "minecraft:dirt"
    },
    "title": "d",
    "description": "d",
    "show_toast": false,
    "announce_to_chat": false,
    "hidden": true
  },
  "criteria": {
    "requirement": {
      "trigger": "minecraft:player_killed_entity",
      "conditions": {
        "entity": [
          {
            "condition": "minecraft:entity_properties",
            "entity": "this",
            "predicate": {
              "nbt": "{Tags:[\"swdm\"]}"
            }
          }
        ]
      }
    }
  },
  "rewards": {
    "function": "mobs:dungeon/singwoods/ghost_test"
  }
}