{
  "display": {
    "icon": {
      "item": "minecraft:stone"
    },
    "title": "ice",
    "description": "d",
    "show_toast": false,
    "announce_to_chat": false,
    "hidden": true
  },
  "criteria": {
    "requirement": {
      "trigger": "minecraft:entity_hurt_player",
      "conditions": {
        "player": [
          {
            "condition": "minecraft:entity_properties",
            "entity": "this",
            "predicate": {
              "type": "minecraft:player",
              "nbt": "{Tags:[\"ice_damage\"]}"
            }
          }
        ]
      }
    }
  },
  "rewards": {
    "function": "player:stats/dmg/get_base_dmg/ice_damage"
  }
}