{
    "display": {
      "icon": {
        "item": "minecraft:dirt"
      },
      "title": "generic_damage",
      "description": "here you were thinking the ghosts were bad",
      "show_toast": false,
      "announce_to_chat": false,
      "hidden": true
    },
    "rewards": {
      "function": "player:stats/dmg/get_base_dmg/lost_soul/ethereal_skeleton"
    },
    "criteria": {
      "requirement": {
        "trigger": "minecraft:entity_hurt_player",
        "conditions": {
          "damage": {
            "source_entity": {
              "type": "minecraft:skeleton",
              "nbt": "{Tags:[\"tls_minion\"]}"
            },
            "direct_entity": {
              "type": "minecraft:player"
            }
          }
        }
      }
    }
  }