{
    "display": {
      "icon": {
        "item": "dirt"
      },
      "title": "ur bad",
      "description": "ohohoho monkey",
      "show_toast": false,
      "announce_to_chat": false,
      "hidden": true
    },
    "rewards": {
      "function": "player:stats/dmg/get_base_dmg/dungeon/singwoods/armored_zombie"
    },
    "criteria": {
      "requirement": {
        "trigger": "minecraft:entity_hurt_player",
        "conditions": {
          "damage": {
            "source_entity": {
              "type": "minecraft:zombie",
              "nbt": "{Tags:[\"swdm2\"]}"
            },
            "direct_entity": {
              "type": "minecraft:player"
            }
          }
        }
      }
    }
  }