{
    "display": {
      "icon": {
        "item": "dirt"
      },
      "title": "damaged_by_ur_mom",
      "description": "haha stinky poopy funny poop",
      "show_toast": false,
      "announce_to_chat": false,
      "hidden": true
    },
    "rewards": {
      "function": "player:stats/dmg/get_base_dmg/dungeon/singwoods/melee_skeleton"
    },
    "criteria": {
      "requirement": {
        "trigger": "minecraft:entity_hurt_player",
        "conditions": {
          "damage": {
            "source_entity": {
              "type": "minecraft:skeleton",
              "nbt": "{Tags:[\"swdm1\"]}"
            },
            "direct_entity": {
              "type": "minecraft:player"
            }
          }
        }
      }
    }
  }